measured_at_utc,hardware,video,detector,tracker,backend,precision,input_resolution,inference_interval,frames_total,inference_calls,processing_fps,inference_ms_p50,inference_ms_p95,tracking_ms_p50,tracking_ms_p95,id_continuity_pct,tracked_detection_coverage_pct,ram_peak_mb,vram_mb,status,notes
2026-09-13T07:45:14.190562+00:00,"Intel64 Family 6 Model 142 Stepping 12, GenuineIntel | 4C/8T | 15.8GB",example-people.mp4,YOLO26n,ByteTrack,PyTorch,FP32,640,1,76,76,4.884,179.84,308.964,2.029,2.842,100.0,94.26,386.6,,measured,CPU-only compute timing; decode/render/encode excluded
2026-09-13T07:45:14.190562+00:00,"Intel64 Family 6 Model 142 Stepping 12, GenuineIntel | 4C/8T | 15.8GB",example-people.mp4,YOLO26n,ByteTrack,PyTorch,FP32,640,2,76,38,11.252,167.94,226.919,2.225,3.522,100.0,96.83,398.6,,measured,CPU-only compute timing; decode/render/encode excluded
2026-09-13T07:45:14.190562+00:00,"Intel64 Family 6 Model 142 Stepping 12, GenuineIntel | 4C/8T | 15.8GB",example-people.mp4,YOLO26n,ByteTrack,PyTorch,FP32,640,3,76,26,15.83,179.824,214.809,2.148,3.093,100.0,92.77,400.3,,measured,CPU-only compute timing; decode/render/encode excluded
2026-09-13T07:45:14.190562+00:00,"Intel64 Family 6 Model 142 Stepping 12, GenuineIntel | 4C/8T | 15.8GB",example-people.mp4,YOLO26n,BoT-SORT,PyTorch,FP32,640,1,76,76,4.018,179.84,308.964,41.405,81.694,100.0,97.13,403.1,,measured,CPU-only compute timing; decode/render/encode excluded
2026-09-13T07:45:14.190562+00:00,"Intel64 Family 6 Model 142 Stepping 12, GenuineIntel | 4C/8T | 15.8GB",example-people.mp4,YOLO26n,OC-SORT,PyTorch,FP32,640,1,76,76,4.885,179.84,308.964,1.926,3.411,100.0,95.49,403.1,,measured,CPU-only compute timing; decode/render/encode excluded
2026-09-13T07:45:14.190562+00:00,"Intel64 Family 6 Model 142 Stepping 12, GenuineIntel | 4C/8T | 15.8GB",example-people.mp4,YOLO26n,Deep OC-SORT,PyTorch,FP32,640,1,76,76,4.891,179.84,308.964,1.712,3.012,100.0,95.49,403.1,,measured,CPU-only compute timing; decode/render/encode excluded
2026-09-13T07:45:14.190562+00:00,"Intel64 Family 6 Model 142 Stepping 12, GenuineIntel | 4C/8T | 15.8GB",example-people.mp4,YOLO26n,TrackTrack,PyTorch,FP32,640,1,76,76,4.187,179.84,308.964,35.607,42.462,100.0,81.56,403.2,,measured,CPU-only compute timing; decode/render/encode excluded
2026-09-13T07:45:14.190562+00:00,"Intel64 Family 6 Model 142 Stepping 12, GenuineIntel | 4C/8T | 15.8GB",example-people.mp4,YOLO26n,ByteTrack,ONNX Runtime,FP32,640,1,76,76,5.462,166.169,261.56,3.656,6.21,100.0,93.65,489.0,,measured,CPU-only compute timing; decode/render/encode excluded
2026-09-13T07:45:14.190562+00:00,"Intel64 Family 6 Model 142 Stepping 12, GenuineIntel | 4C/8T | 15.8GB",example-people.mp4,YOLO26n,ByteTrack,PyTorch,FP16,640,1,,,,,,,,,,,,unsupported,No CUDA-capable GPU detected
2026-09-13T07:45:14.190562+00:00,"Intel64 Family 6 Model 142 Stepping 12, GenuineIntel | 4C/8T | 15.8GB",example-people.mp4,YOLO26n,ByteTrack,TensorRT,FP16,640,1,,,,,,,,,,,,unsupported,No NVIDIA GPU or TensorRT runtime detected
